#Sequence,Count,Percentage,Possible Source,sample,human_source
CCCTAATACCTGCCACCCCACTCTTAATCAGTGGTGGAAGAACGGTCTCA,154,0.1458554326413093,No Hit,CO4hr_APAP24hr_1_fastqc,True
CTCTTAATCAGTGGTGGAAGAACGGTCTCAGAACTGTTTGTTTCAATTGG,140,0.1325958478557357,No Hit,CO4hr_APAP24hr_1_fastqc,True
CCCTAATACCTGCCACCCCACTCTTAATCAGTGGTGGAAGAACGGTCTCA,158,0.1397636402236218,No Hit,CO4hr_APAP24hr_2_fastqc,True
CTCTTAATCAGTGGTGGAAGAACGGTCTCAGAACTGTTTGTTTCAATTGG,130,0.1149954001839926,No Hit,CO4hr_APAP24hr_2_fastqc,True
GTAAAAGACTGGTTAATGATAACAATGCATCGTAAAACCTTCAGAAGGAA,116,0.102611280164178,No Hit,CO4hr_APAP24hr_2_fastqc,True
CCTCAGAGTACTTCGAGTCTCCCTTCACCATTTCCGACGGCATCTACGGC,574,0.1167767976302854,No Hit,CO24hr_3_fastqc,True
ATTTTACCCTCCTACAAGCCTCAGAGTACTTCGAGTCTCCCTTCACCATT,540,0.109859705087725,No Hit,CO24hr_3_fastqc,True
CTCTTAATCAGTGGTGGAAGAACGGTCTCAGAACTGTTTGTTTCAATTGG,528,0.1074183783079977,No Hit,CO24hr_3_fastqc,True
GTCTAATAGAAAACAACCGAAACCAAATAATTCAAGCACTGCTTATTACA,502,0.1021288369519221,No Hit,CO24hr_3_fastqc,True
CCCTAATACCTGCCACCCCACTCTTAATCAGTGGTGGAAGAACGGTCTCA,498,0.1013150613586797,No Hit,CO24hr_3_fastqc,True
CTCTTAATCAGTGGTGGAAGAACGGTCTCAGAACTGTTTGTTTCAATTGG,565,0.1120362640565852,No Hit,CO24hr_2_fastqc,True
CCCTAATACCTGCCACCCCACTCTTAATCAGTGGTGGAAGAACGGTCTCA,537,0.1064840244219226,No Hit,CO24hr_2_fastqc,True
CTATTTTACCCTCCTACAAGCCTCAGAGTACTTCGAGTCTCCCTTCACCA,463,0.1498013433589149,No Hit,CO24hr_1_fastqc,True
CCCTTCACCATTTCCGACGGCATCTACGGCTCAACATTTTTTGTAGCCAC,391,0.1265061020590404,No Hit,CO24hr_1_fastqc,True
CCTCAGAGTACTTCGAGTCTCCCTTCACCATTTCCGACGGCATCTACGGC,343,0.1109759411924575,No Hit,CO24hr_1_fastqc,True
ATTTTACCCTCCTACAAGCCTCAGAGTACTTCGAGTCTCCCTTCACCATT,329,0.1064463109397041,No Hit,CO24hr_1_fastqc,True
CCCTAATACCTGCCACCCCACTCTTAATCAGTGGTGGAAGAACGGTCTCA,1080,0.1074233514494195,No Hit,24hr_Control_3_fastqc,True
CTATTTTACCCTCCTACAAGCCTCAGAGTACTTCGAGTCTCCCTTCACCA,1013,0.1007591250169092,No Hit,24hr_Control_3_fastqc,True
CTCTTAATCAGTGGTGGAAGAACGGTCTCAGAACTGTTTGTTTCAATTGG,1201,0.1233929886891472,No Hit,24hr_Control_2_fastqc,True
CCCTAATACCTGCCACCCCACTCTTAATCAGTGGTGGAAGAACGGTCTCA,1138,0.1169202507312652,No Hit,24hr_Control_2_fastqc,True
CCCTAATACCTGCCACCCCACTCTTAATCAGTGGTGGAAGAACGGTCTCA,758,0.1319153305453602,No Hit,24hr_Control_1_fastqc,True
CTCTTAATCAGTGGTGGAAGAACGGTCTCAGAACTGTTTGTTTCAATTGG,624,0.1085952061481593,No Hit,24hr_Control_1_fastqc,True
CTCTTAATCAGTGGTGGAAGAACGGTCTCAGAACTGTTTGTTTCAATTGG,1220,0.1092190746637708,No Hit,CO-4hr_+_APAP_2_fastqc,True
CCCTAATACCTGCCACCCCACTCTTAATCAGTGGTGGAAGAACGGTCTCA,1126,0.100803834484759,No Hit,CO-4hr_+_APAP_2_fastqc,True
CCCTAATACCTGCCACCCCACTCTTAATCAGTGGTGGAAGAACGGTCTCA,1104,0.1193285176782388,No Hit,CO-4hr_+_APAP_1_fastqc,True
CCCTAATACCTGCCACCCCACTCTTAATCAGTGGTGGAAGAACGGTCTCA,954,0.1205912764725661,No Hit,CO-8hr_+_APAP_3_fastqc,True
CTCTTAATCAGTGGTGGAAGAACGGTCTCAGAACTGTTTGTTTCAATTGG,868,0.1097203647570098,No Hit,CO-8hr_+_APAP_3_fastqc,True
CCCTAATACCTGCCACCCCACTCTTAATCAGTGGTGGAAGAACGGTCTCA,1107,0.1299790061009116,No Hit,CO-8hr_+_APAP_2_fastqc,True
CTCTTAATCAGTGGTGGAAGAACGGTCTCAGAACTGTTTGTTTCAATTGG,956,0.1122492591079236,No Hit,CO-8hr_+_APAP_2_fastqc,True
CCCTAATACCTGCCACCCCACTCTTAATCAGTGGTGGAAGAACGGTCTCA,2096,0.1206607326455211,No Hit,CO-8hr_+_APAP_1_fastqc,True
CTCTTAATCAGTGGTGGAAGAACGGTCTCAGAACTGTTTGTTTCAATTGG,1883,0.1083989310932806,No Hit,CO-8hr_+_APAP_1_fastqc,True
CTCTTAATCAGTGGTGGAAGAACGGTCTCAGAACTGTTTGTTTCAATTGG,2182,0.1193933156158468,No Hit,CO_4hr_3_fastqc,True
CCCTAATACCTGCCACCCCACTCTTAATCAGTGGTGGAAGAACGGTCTCA,1934,0.1058234062332941,No Hit,CO_4hr_3_fastqc,True
CTCTTAATCAGTGGTGGAAGAACGGTCTCAGAACTGTTTGTTTCAATTGG,924,0.1165758493698722,No Hit,CO_4hr_2_fastqc,True
CCCTAATACCTGCCACCCCACTCTTAATCAGTGGTGGAAGAACGGTCTCA,899,0.1134217408912501,No Hit,CO_4hr_2_fastqc,True
CCCTAATACCTGCCACCCCACTCTTAATCAGTGGTGGAAGAACGGTCTCA,1465,0.1102404747338614,No Hit,CO_4hr_1_fastqc,True
CCCTAATACCTGCCACCCCACTCTTAATCAGTGGTGGAAGAACGGTCTCA,2229,0.1033012368805343,No Hit,APAP_4hr_3_fastqc,True
CTCTTAATCAGTGGTGGAAGAACGGTCTCAGAACTGTTTGTTTCAATTGG,1500,0.10280373191254,No Hit,APAP_4hr_2_fastqc,True
CCCTAATACCTGCCACCCCACTCTTAATCAGTGGTGGAAGAACGGTCTCA,2282,0.1045410774969146,No Hit,APAP_4hr_1_fastqc,True
CCCTAATACCTGCCACCCCACTCTTAATCAGTGGTGGAAGAACGGTCTCA,2573,0.124692630001638,No Hit,Control_3_sample_3_fastqc,True
CCCTAATACCTGCCACCCCACTCTTAATCAGTGGTGGAAGAACGGTCTCA,2021,0.1134729632838323,No Hit,Control_2_sample_2_fastqc,True
CTCTTAATCAGTGGTGGAAGAACGGTCTCAGAACTGTTTGTTTCAATTGG,1825,0.1024681632820356,No Hit,Control_2_sample_2_fastqc,True
CTCTTAATCAGTGGTGGAAGAACGGTCTCAGAACTGTTTGTTTCAATTGG,1604,0.1185423430440993,No Hit,Control_1_sample_1_fastqc,True
CCCTAATACCTGCCACCCCACTCTTAATCAGTGGTGGAAGAACGGTCTCA,1471,0.1087130839263529,No Hit,Control_1_sample_1_fastqc,True
